{
  "layers": [
    {
      "name": "world",
      "tileset": "MapEditor Tileset_woodland.png",
      "data": [
        -1, -1, -1, 3, -1, -1, -1, -1, -1, -1, -1, 3, -1, -1, -1, -1, 3, -1, -1,
        -1, -1, -1, -1, -1, -1, -1, -1, 3, -1, 3, -1, -1, -1, -1, -1, -1, 3, -1,
        -1, -1, 3, 3, 3, 3, -1, -1, -1, -1, 3, -1, 3, 3, 3, 3, 3, -1, 3, -1, -1,
        3, -1, 3, -1, -1, -1, -1, -1, -1, 3, -1, -1, -1, -1, -1, -1, -1, -1, -1,
        -1, -1, 3, -1, 3, -1, -1, -1, -1, -1, 3, 3, -1, -1, -1, 3, 3, 3, -1, -1,
        -1, -1, 3, -1, -1, -1, 3, 3, 3, 3, 3, 3, -1, -1, 3, -1, 3, -1, 3, 3, 3,
        -1, -1, 3, 3, 3, -1, -1, -1, 3, 3, 3, -1, -1, 3, -1, 3, 3, 3, -1, -1,
        -1, -1, 3, -1, -1, 3, -1, -1, 3, 3, -1, -1, -1, -1, -1, -1, -1, 3, 3,
        -1, 3, -1, 3, 3, -1, -1, -1, 3, -1, -1, -1, -1, -1, -1, 3, 3, 3, 3, -1,
        3, 3, -1, -1, -1, -1, -1, 3, -1, -1, -1, 3, -1, 3, -1, -1, 3, -1, -1,
        -1, -1, 3, -1, 3, 3, 3, -1, 3, -1, -1, -1, -1, 3, -1, -1, -1, -1, -1, 3,
        3, 3, -1, 0, 3, 3, 3, -1, -1, 3, -1, -1, -1, -1, 3, -1, -1, -1, 3, -1,
        3, -1, -1, -1, -1, -1, -1, -1, -1, 3, 3, 3, -1, 3, 3, -1, -1, -1, -1,
        -1, -1, 3, 3, -1, -1, -1, 3, 3, -1, -1, 3, -1, 3, -1, -1, -1, 3, 3, 3,
        -1, 3, 3, -1, -1, -1, -1, 3, -1, -1, 0.5, -1, -1, -1, -1, 3, 3, -1, -1,
        -1, 3, -1, -1, 3, -1, -1, 3, -1, 3, -1, -1, 3, -1, 3, -1, -1, -1, -1,
        -1, -1, 3, -1, -1, -1, -1, -1, -1, -1, -1, -1, -1, -1, 3, 3, -1, 3, 3,
        -1, 3, 3, -1, -1, -1, 3, -1, 3, -1, 3, -1, -1, 3, -1, 3, -1, -1, -1, -1,
        -1, -1, -1, -1, -1, -1, -1, -1, 3, -1, -1, 3, -1, -1, 3, 3, -1, -1, 3,
        -1, 3, -1, 3, 3, -1, 3, -1, 3, 3, 3, 3, 3, 3, 3, 3, 3, -1, -1, 3, 3, 3,
        -1, -1, 3, -1, -1, -1, 3, -1, -1, -1, -1, 3, -1, -1, 3, -1, 3, -1, 3,
        -1, 3, -1, -1, -1, -1, -1, -1, 3, 3, -1, -1, -1, -1, -1, 3, 3, 3, 3, 3,
        3, -1, -1, -1, 3, 3, 3, 3, -1, 3, -1, 3, -1, 3, -1, -1, -1, -1, 3, 3,
        -1, -1, -1, -1, 3, -1, -1, -1, -1, -1, -1, -1, 3, -1, -1, -1, -1, -1,
        -1, 3, -1, 3, -1, 3, -1, 3, -1, -1, -1, 3, 3, -1, -1, -1, -1, -1, 3, 3,
        3, 3, -1, -1, -1, -1, -1, -1, -1, -1, -1, -1, 3, 3, -1, 3, -1, 3, -1, 3,
        -1, -1, -1, 3, -1, -1, -1, -1, -1, -1, -1, -1, -1, 3, -1, -1, -1, -1,
        -1, -1, -1, -1, -1, 3, 3, -1, -1, 3, -1, 3, -1, 3, -1, -1, 3, 3, -1, -1,
        -1, 3, -1, -1, 3, -1, -1, 3, -1, -1, -1, -1, 3, 3, 3, 3, 3, 3, -1, -1,
        -1, 3, -1, 3, -1, 3, -1, -1, 3, -1, -1, -1, -1, 3, -1, -1, 3, 3, -1, 3,
        3, -1, 3, 3, 3, -1, -1, -1, -1, -1, -1, 3, -1, -1, -1, -1, -1, 3, -1,
        -1, -1, -1, -1, 3, 3, 3, -1, -1, -1, 3, -1, -1, 3, -1, 3, -1, -1, -1,
        -1, -1, -1, -1, -1, 3, 3, -1, -1, 3, 3, 3, -1, 3, 3, 3, 3, -1, 3, -1,
        -1, -1, -1, 3, 3, -1, 3, -1, -1, -1, -1, -1, -1, -1, -1, 3, -1, -1, 3,
        3, -1, -1, -1, -1, -1, 3, -1, -1, 3, -1, 3, 3, 3, 3, -1, -1, 3, -1, 3,
        3, 3, 3, -1, -1, 3, -1, -1, 3, 3, -1, -1, 3, 3, -1, -1, -1, -1, -1, -1,
        -1, -1, -1, 3, -1, -1, 3, -1, -1, -1, 3, 3, -1, -1, 3, -1, 3, 3, -1, 3,
        -1, 3, -1, -1, -1, 3, 3, -1, -1, -1, -1, 3, 3, -1, -1, 3, -1, -1, 3, -1,
        -1, -1, -1, 3, -1, -1, 3, -1, -1, -1, -1, 3, -1, 3, -1, -1, -1, -1, 3,
        3, -1, -1, -1, -1, 3, 3, -1, 3, -1, -1, 3, -1, -1, -1, -1, 3, -1, -1,
        -1, 3, 3, 3, 3, -1, -1, 3, -1, -1, -1, -1, -1, 3, -1, -1, 8.1, -1, -1,
        3, -1, 3, -1, -1, -1, 3, 3, -1, -1, -1, -1, 3, -1, -1, -1, -1, -1, -1,
        3, 3, -1, 3, 3, 3, 3, 3, -1, -1, -1, -1, -1, 3, 3, 3, -1, -1, -1, -1, 3,
        -1, -1, -1, -1, -1, -1, 3, 3, 3, 3, 3, 3, -1, -1, -1, -1, 3, -1, -1, -1,
        -1, 3, 3, -1, 3, -1, -1, -1, 3, -1, -1, -1, 3, -1, -1, -1, -1, -1, 3,
        -1, -1, -1, -1, -1, -1, -1, -1, -1, 3, -1, 3, 3, 3, -1, -1, -1, 3, -1,
        -1, -1, 3, -1, -1, -1, 3, 3, -1, -1, -1, 3, 3, 3, -1, 3, -1, -1, -1, 3,
        -1, -1, 3, -1, -1, -1, -1, -1, -1, -1, -1, -1, -1, 3, 3, -1, -1, -1, -1,
        3, 3, 3, -1, -1, -1, -1, -1, 3, 3, 3, 3, 3, -1, -1, 3, -1, -1, -1, -1,
        -1, 3, 3, 3, 3, 3, 3, -1, -1, -1, -1, -1, -1, -1, 3, 3, 3, -1, -1, -1,
        -1, -1, -1, -1, -1, -1, -1, 3, -1, -1, -1, -1, -1, 3, -1, -1, -1, -1,
        -1, -1, -1, -1, -1, -1, -1, -1, -1, -1, -1, -1, -1, -1, -1, -1, -1, -1,
        -1, -1, -1, -1, -1, -1, -1, -1
      ]
    }
  ],
  "tilesets": [
    {
      "name": "MapEditor Tileset_woodland.png",
      "image": "MapEditor Tileset_woodland.png",
      "imagewidth": 512,
      "imageheight": 512,
      "tilewidth": 32,
      "tileheight": 32
    }
  ],
  "canvas": { "width": 1024, "height": 1024 }
}
